[
{
    "model": "marathon_common.photoframe",
    "pk": 1,
    "fields": {
        "image": "uploads/msk_ru.png",
        "is_active": true
    }
},
{
    "model": "marathon_common.photoframe",
    "pk": 2,
    "fields": {
        "image": "uploads/msk-marathon-ru.png",
        "is_active": true
    }
},
{
    "model": "marathon_common.menuitemgroup",
    "pk": 1,
    "fields": {
        "route": 1,
        "title": "\u041e\u0431\u0449\u0430\u044f \u0438\u043d\u0444\u043e\u0440\u043c\u0430\u0446\u0438\u044f"
    }
},
{
    "model": "marathon_common.menuitemgroup",
    "pk": 2,
    "fields": {
        "route": 2,
        "title": "\u041e\u0431\u0449\u0430\u044f \u0438\u043d\u0444\u043e\u0440\u043c\u0430\u0446\u0438\u044f"
    }
},
{
    "model": "marathon_common.menuitemgroup",
    "pk": 3,
    "fields": {
        "route": 1,
        "title": "\u0423\u0447\u0430\u0441\u0442\u043d\u0438\u043a\u0430\u043c"
    }
},
{
    "model": "marathon_common.menuitemgroup",
    "pk": 4,
    "fields": {
        "route": 2,
        "title": "\u0423\u0447\u0430\u0441\u0442\u043d\u0438\u043a\u0430\u043c"
    }
},
{
    "model": "marathon_common.menuitemgroup",
    "pk": 5,
    "fields": {
        "route": 1,
        "title": "\u041f\u043e\u0434\u0433\u043e\u0442\u043e\u0432\u043a\u0430"
    }
},
{
    "model": "marathon_common.menuitemgroup",
    "pk": 6,
    "fields": {
        "route": 2,
        "title": "\u041f\u043e\u0434\u0433\u043e\u0442\u043e\u0432\u043a\u0430"
    }
},
{
    "model": "marathon_common.menuitem",
    "pk": 2,
    "fields": {
        "route": 1,
        "group": 1,
        "name": "schedule",
        "title": "\u0420\u0430\u0441\u043f\u0438\u0441\u0430\u043d\u0438\u0435",
        "text": "<p><em><span style=\"font-size: 15px;\"><em>Schedule 10 km</em></span></em></p>\r\n<p><em><strong><span style=\"font-size: 15px;\">What is Lorem Ipsum?&nbsp;</span></strong></em></p>\r\n<p>&nbsp;</p>\r\n<p><span style=\"font-size: 14px;\"><strong>Lorem Ipsum</strong> is simply dummy text of the printing and typesetting industry. Lorem Ipsum has been the industry's standard dummy text ever since the 1500s, when an unknown printer took a galley of type and scrambled it to make a type specimen book. It has survived not only five centuries, but also the leap into electronic typesetting, remaining essentially unchanged. It was popularised in the 1960s with the release of Letraset sheets containing Lorem Ipsum passages, and more recently with desktop publishing software like Aldus PageMaker including versions of Lorem Ipsum.</span></p>\r\n<p>&nbsp;</p>\r\n<p><em><strong><span style=\"font-size: 14px;\">Why do we use it?</span></strong></em></p>\r\n<p><span style=\"font-size: 14px;\">It is a long established fact that a reader will be distracted by the readable content of a page when looking at its layout. The point of using Lorem Ipsum is that it has a more-or-less normal distribution of letters, as opposed to using 'Content here, content here', making it look like readable English. Many desktop publishing packages and web page editors now use Lorem Ipsum as their default model text, and a search for 'lorem ipsum' will uncover many web sites still in their infancy. Various versions have evolved over the years, sometimes by accident, sometimes on purpose (injected humour and the like).</span></p>\r\n<p>&nbsp;</p>"
    }
},
{
    "model": "marathon_common.menuitem",
    "pk": 3,
    "fields": {
        "route": 2,
        "group": 2,
        "name": "schedule",
        "title": "\u0420\u0430\u0441\u043f\u0438\u0441\u0430\u043d\u0438\u0435",
        "text": "<p><span style=\"font-size: 14px;\"><em>Schedule 42.2 km</em></span></p>\r\n<p><span style=\"font-size: 15px;\"><em><strong>What is Lorem Ipsum?</strong></em></span></p>\r\n<p><span style=\"font-size: 14px;\">&nbsp;</span></p>\r\n<p><span style=\"font-size: 14px;\"><strong>Lorem Ipsum</strong>&nbsp;is simply dummy text of the printing and typesetting industry. Lorem Ipsum has been the industry's standard dummy text ever since the 1500s, when an unknown printer took a galley of type and scrambled it to make a type specimen book. It has survived not only five centuries, but also the leap into electronic typesetting, remaining essentially unchanged. It was popularised in the 1960s with the release of Letraset sheets containing Lorem Ipsum passages, and more recently with desktop publishing software like Aldus PageMaker including versions of Lorem Ipsum.</span></p>\r\n<p><span style=\"font-size: 14px;\">&nbsp;</span></p>\r\n<p><span style=\"font-size: 14px;\"><em><strong>Why do we use it?</strong></em></span></p>\r\n<p><span style=\"font-size: 14px;\">It is a long established fact that a reader will be distracted by the readable content of a page when looking at its layout. The point of using Lorem Ipsum is that it has a more-or-less normal distribution of letters, as opposed to using 'Content here, content here', making it look like readable English. Many desktop publishing packages and web page editors now use Lorem Ipsum as their default model text, and a search for 'lorem ipsum' will uncover many web sites still in their infancy. Various versions have evolved over the years, sometimes by accident, sometimes on purpose (injected humour and the like).</span></p>\r\n<p><span style=\"font-size: 14px;\">&nbsp;</span></p>"
    }
},
{
    "model": "marathon_common.menuitem",
    "pk": 4,
    "fields": {
        "route": 1,
        "group": 1,
        "name": "awards",
        "title": "\u041d\u0430\u0433\u0440\u0430\u0436\u0434\u0435\u043d\u0438\u0435",
        "text": "<p><span style=\"font-size: 15px;\"><em><em><em>Awards 10 km</em></em></em></span></p>\r\n<p><span style=\"font-size: 15px;\"><em><strong>What is Lorem Ipsum?</strong></em></span></p>\r\n<p><span style=\"font-size: 15px;\">&nbsp;</span></p>\r\n<p><span style=\"font-size: 14px;\"><strong>Lorem Ipsum</strong>&nbsp;is simply dummy text of the printing and typesetting industry. Lorem Ipsum has been the industry's standard dummy text ever since the 1500s, when an unknown printer took a galley of type and scrambled it to make a type specimen book. It has survived not only five centuries, but also the leap into electronic typesetting, remaining essentially unchanged. It was popularised in the 1960s with the release of Letraset sheets containing Lorem Ipsum passages, and more recently with desktop publishing software like Aldus PageMaker including versions of Lorem Ipsum.</span></p>\r\n<p><span style=\"font-size: 14px;\">&nbsp;</span></p>\r\n<p><span style=\"font-size: 14px;\"><em><strong>Why do we use it?</strong></em></span></p>\r\n<p><span style=\"font-size: 14px;\">It is a long established fact that a reader will be distracted by the readable content of a page when looking at its layout. The point of using Lorem Ipsum is that it has a more-or-less normal distribution of letters, as opposed to using 'Content here, content here', making it look like readable English. Many desktop publishing packages and web page editors now use Lorem Ipsum as their default model text, and a search for 'lorem ipsum' will uncover many web sites still in their infancy. Various versions have evolved over the years, sometimes by accident, sometimes on purpose (injected humour and the like).</span></p>\r\n<p><span style=\"font-size: 14px;\">&nbsp;</span></p>"
    }
},
{
    "model": "marathon_common.menuitem",
    "pk": 5,
    "fields": {
        "route": 2,
        "group": 2,
        "name": "awards",
        "title": "\u041d\u0430\u0433\u0440\u0430\u0436\u0434\u0435\u043d\u0438\u0435",
        "text": "<p><span style=\"font-size: 14px;\"><em>Awards 42.2 km</em></span></p>\r\n<p><span style=\"font-size: 15px;\"><em><strong>What is Lorem Ipsum?</strong></em></span></p>\r\n<p><span style=\"font-size: 14px;\">&nbsp;</span></p>\r\n<p><span style=\"font-size: 14px;\"><strong>Lorem Ipsum</strong>&nbsp;is simply dummy text of the printing and typesetting industry. Lorem Ipsum has been the industry's standard dummy text ever since the 1500s, when an unknown printer took a galley of type and scrambled it to make a type specimen book. It has survived not only five centuries, but also the leap into electronic typesetting, remaining essentially unchanged. It was popularised in the 1960s with the release of Letraset sheets containing Lorem Ipsum passages, and more recently with desktop publishing software like Aldus PageMaker including versions of Lorem Ipsum.</span></p>\r\n<p><span style=\"font-size: 14px;\">&nbsp;</span></p>\r\n<p><span style=\"font-size: 14px;\"><em><strong>Why do we use it?</strong></em></span></p>\r\n<p><span style=\"font-size: 14px;\">It is a long established fact that a reader will be distracted by the readable content of a page when looking at its layout. The point of using Lorem Ipsum is that it has a more-or-less normal distribution of letters, as opposed to using 'Content here, content here', making it look like readable English. Many desktop publishing packages and web page editors now use Lorem Ipsum as their default model text, and a search for 'lorem ipsum' will uncover many web sites still in their infancy. Various versions have evolved over the years, sometimes by accident, sometimes on purpose (injected humour and the like).</span></p>\r\n<p><span style=\"font-size: 14px;\">&nbsp;</span></p>"
    }
},
{
    "model": "marathon_common.menuitem",
    "pk": 6,
    "fields": {
        "route": 1,
        "group": 3,
        "name": "registration",
        "title": "\u0417\u0430\u0440\u0435\u0433\u0438\u0441\u0442\u0440\u0438\u0440\u043e\u0432\u0430\u0442\u044c\u0441\u044f",
        "text": "<p><span style=\"font-size: 15px;\"><em><strong>Register 10 km</strong></em></span></p>\r\n<p><span style=\"font-size: 15px;\"><em><strong>What is Lorem Ipsum?</strong></em></span></p>\r\n<p><span style=\"font-size: 14px;\">&nbsp;</span></p>\r\n<p><span style=\"font-size: 14px;\"><strong>Lorem Ipsum</strong>&nbsp;is simply dummy text of the printing and typesetting industry. Lorem Ipsum has been the industry's standard dummy text ever since the 1500s, when an unknown printer took a galley of type and scrambled it to make a type specimen book. It has survived not only five centuries, but also the leap into electronic typesetting, remaining essentially unchanged. It was popularised in the 1960s with the release of Letraset sheets containing Lorem Ipsum passages, and more recently with desktop publishing software like Aldus PageMaker including versions of Lorem Ipsum.</span></p>\r\n<p><span style=\"font-size: 14px;\">&nbsp;</span></p>\r\n<p><span style=\"font-size: 14px;\"><em><strong>Why do we use it?</strong></em></span></p>\r\n<p><span style=\"font-size: 14px;\">It is a long established fact that a reader will be distracted by the readable content of a page when looking at its layout. The point of using Lorem Ipsum is that it has a more-or-less normal distribution of letters, as opposed to using 'Content here, content here', making it look like readable English. Many desktop publishing packages and web page editors now use Lorem Ipsum as their default model text, and a search for 'lorem ipsum' will uncover many web sites still in their infancy. Various versions have evolved over the years, sometimes by accident, sometimes on purpose (injected humour and the like).</span></p>\r\n<p><span style=\"font-size: 14px;\">&nbsp;</span></p>"
    }
},
{
    "model": "marathon_common.menuitem",
    "pk": 7,
    "fields": {
        "route": 1,
        "group": 3,
        "name": "costs",
        "title": "\u0421\u0442\u043e\u0438\u043c\u043e\u0441\u0442\u044c",
        "text": "<p><span style=\"font-size: 14px;\"><em>Costs 10 km</em></span></p>\r\n<p><span style=\"font-size: 15px;\"><em><strong>What is Lorem Ipsum?</strong></em></span></p>\r\n<p><span style=\"font-size: 14px;\">&nbsp;</span></p>\r\n<p><span style=\"font-size: 14px;\"><strong>Lorem Ipsum</strong>&nbsp;is simply dummy text of the printing and typesetting industry. Lorem Ipsum has been the industry's standard dummy text ever since the 1500s, when an unknown printer took a galley of type and scrambled it to make a type specimen book. It has survived not only five centuries, but also the leap into electronic typesetting, remaining essentially unchanged. It was popularised in the 1960s with the release of Letraset sheets containing Lorem Ipsum passages, and more recently with desktop publishing software like Aldus PageMaker including versions of Lorem Ipsum.</span></p>\r\n<p><span style=\"font-size: 14px;\">&nbsp;</span></p>\r\n<p><span style=\"font-size: 14px;\"><em><strong>Why do we use it?</strong></em></span></p>\r\n<p><span style=\"font-size: 14px;\">It is a long established fact that a reader will be distracted by the readable content of a page when looking at its layout. The point of using Lorem Ipsum is that it has a more-or-less normal distribution of letters, as opposed to using 'Content here, content here', making it look like readable English. Many desktop publishing packages and web page editors now use Lorem Ipsum as their default model text, and a search for 'lorem ipsum' will uncover many web sites still in their infancy. Various versions have evolved over the years, sometimes by accident, sometimes on purpose (injected humour and the like).</span></p>\r\n<p><span style=\"font-size: 14px;\">&nbsp;</span></p>"
    }
},
{
    "model": "marathon_common.menuitem",
    "pk": 8,
    "fields": {
        "route": 1,
        "group": 3,
        "name": "qualification",
        "title": "\u041a\u0432\u0430\u043b\u0438\u0444\u0438\u043a\u0430\u0446\u0438\u044f",
        "text": "<p><span style=\"font-size: 14px;\"><em>Qualification 10 km</em></span></p>\r\n<p><span style=\"font-size: 15px;\"><em><strong>What is Lorem Ipsum?</strong></em></span></p>\r\n<p><span style=\"font-size: 14px;\">&nbsp;</span></p>\r\n<p><span style=\"font-size: 14px;\"><strong>Lorem Ipsum</strong>&nbsp;is simply dummy text of the printing and typesetting industry. Lorem Ipsum has been the industry's standard dummy text ever since the 1500s, when an unknown printer took a galley of type and scrambled it to make a type specimen book. It has survived not only five centuries, but also the leap into electronic typesetting, remaining essentially unchanged. It was popularised in the 1960s with the release of Letraset sheets containing Lorem Ipsum passages, and more recently with desktop publishing software like Aldus PageMaker including versions of Lorem Ipsum.</span></p>\r\n<p><span style=\"font-size: 14px;\">&nbsp;</span></p>\r\n<p><span style=\"font-size: 14px;\"><em><strong>Why do we use it?</strong></em></span></p>\r\n<p><span style=\"font-size: 14px;\">It is a long established fact that a reader will be distracted by the readable content of a page when looking at its layout. The point of using Lorem Ipsum is that it has a more-or-less normal distribution of letters, as opposed to using 'Content here, content here', making it look like readable English. Many desktop publishing packages and web page editors now use Lorem Ipsum as their default model text, and a search for 'lorem ipsum' will uncover many web sites still in their infancy. Various versions have evolved over the years, sometimes by accident, sometimes on purpose (injected humour and the like).</span></p>\r\n<p><span style=\"font-size: 14px;\">&nbsp;</span></p>"
    }
},
{
    "model": "marathon_common.menuitem",
    "pk": 9,
    "fields": {
        "route": 1,
        "group": 3,
        "name": "bib_number",
        "title": "\u041f\u043e\u043b\u0443\u0447\u0435\u043d\u0438\u0435 \u043d\u043e\u043c\u0435\u0440\u0430",
        "text": "<p><span style=\"font-size: 14px;\"><em>Bib number 10 km</em></span></p>\r\n<p><span style=\"font-size: 15px;\"><em><strong>What is Lorem Ipsum?</strong></em></span></p>\r\n<p><span style=\"font-size: 14px;\">&nbsp;</span></p>\r\n<p><span style=\"font-size: 14px;\"><strong>Lorem Ipsum</strong>&nbsp;is simply dummy text of the printing and typesetting industry. Lorem Ipsum has been the industry's standard dummy text ever since the 1500s, when an unknown printer took a galley of type and scrambled it to make a type specimen book. It has survived not only five centuries, but also the leap into electronic typesetting, remaining essentially unchanged. It was popularised in the 1960s with the release of Letraset sheets containing Lorem Ipsum passages, and more recently with desktop publishing software like Aldus PageMaker including versions of Lorem Ipsum.</span></p>\r\n<p><span style=\"font-size: 14px;\">&nbsp;</span></p>\r\n<p><span style=\"font-size: 14px;\"><em><strong>Why do we use it?</strong></em></span></p>\r\n<p><span style=\"font-size: 14px;\">It is a long established fact that a reader will be distracted by the readable content of a page when looking at its layout. The point of using Lorem Ipsum is that it has a more-or-less normal distribution of letters, as opposed to using 'Content here, content here', making it look like readable English. Many desktop publishing packages and web page editors now use Lorem Ipsum as their default model text, and a search for 'lorem ipsum' will uncover many web sites still in their infancy. Various versions have evolved over the years, sometimes by accident, sometimes on purpose (injected humour and the like).</span></p>\r\n<p><span style=\"font-size: 14px;\">&nbsp;</span></p>"
    }
},
{
    "model": "marathon_common.menuitem",
    "pk": 10,
    "fields": {
        "route": 1,
        "group": 3,
        "name": "need_a_packet",
        "title": "\u041f\u0430\u043a\u0435\u0442 \u0443\u0447\u0430\u0441\u0442\u043d\u0438\u043a\u0430",
        "text": "<p><span style=\"font-size: 14px;\"><em>Need a packet? 10 km</em></span></p>\r\n<p><span style=\"font-size: 15px;\"><em><strong>What is Lorem Ipsum?</strong></em></span></p>\r\n<p><span style=\"font-size: 14px;\">&nbsp;</span></p>\r\n<p><span style=\"font-size: 14px;\"><strong>Lorem Ipsum</strong>&nbsp;is simply dummy text of the printing and typesetting industry. Lorem Ipsum has been the industry's standard dummy text ever since the 1500s, when an unknown printer took a galley of type and scrambled it to make a type specimen book. It has survived not only five centuries, but also the leap into electronic typesetting, remaining essentially unchanged. It was popularised in the 1960s with the release of Letraset sheets containing Lorem Ipsum passages, and more recently with desktop publishing software like Aldus PageMaker including versions of Lorem Ipsum.</span></p>\r\n<p><span style=\"font-size: 14px;\">&nbsp;</span></p>\r\n<p><span style=\"font-size: 14px;\"><em><strong>Why do we use it?</strong></em></span></p>\r\n<p><span style=\"font-size: 14px;\">It is a long established fact that a reader will be distracted by the readable content of a page when looking at its layout. The point of using Lorem Ipsum is that it has a more-or-less normal distribution of letters, as opposed to using 'Content here, content here', making it look like readable English. Many desktop publishing packages and web page editors now use Lorem Ipsum as their default model text, and a search for 'lorem ipsum' will uncover many web sites still in their infancy. Various versions have evolved over the years, sometimes by accident, sometimes on purpose (injected humour and the like).</span></p>\r\n<p><span style=\"font-size: 14px;\">&nbsp;</span></p>"
    }
},
{
    "model": "marathon_common.menuitem",
    "pk": 11,
    "fields": {
        "route": 2,
        "group": 4,
        "name": "need_a_packet",
        "title": "\u041f\u0430\u043a\u0435\u0442 \u0443\u0447\u0430\u0441\u0442\u043d\u0438\u043a\u0430",
        "text": "<p><span style=\"font-size: 14px;\"><em>Need a packet? 42.2 km</em></span></p>\r\n<p><span style=\"font-size: 15px;\"><em><strong>What is Lorem Ipsum?</strong></em></span></p>\r\n<p><span style=\"font-size: 14px;\">&nbsp;</span></p>\r\n<p><span style=\"font-size: 14px;\"><strong>Lorem Ipsum</strong>&nbsp;is simply dummy text of the printing and typesetting industry. Lorem Ipsum has been the industry's standard dummy text ever since the 1500s, when an unknown printer took a galley of type and scrambled it to make a type specimen book. It has survived not only five centuries, but also the leap into electronic typesetting, remaining essentially unchanged. It was popularised in the 1960s with the release of Letraset sheets containing Lorem Ipsum passages, and more recently with desktop publishing software like Aldus PageMaker including versions of Lorem Ipsum.</span></p>\r\n<p><span style=\"font-size: 14px;\">&nbsp;</span></p>\r\n<p><span style=\"font-size: 14px;\"><em><strong>Why do we use it?</strong></em></span></p>\r\n<p><span style=\"font-size: 14px;\">It is a long established fact that a reader will be distracted by the readable content of a page when looking at its layout. The point of using Lorem Ipsum is that it has a more-or-less normal distribution of letters, as opposed to using 'Content here, content here', making it look like readable English. Many desktop publishing packages and web page editors now use Lorem Ipsum as their default model text, and a search for 'lorem ipsum' will uncover many web sites still in their infancy. Various versions have evolved over the years, sometimes by accident, sometimes on purpose (injected humour and the like).</span></p>\r\n<p><span style=\"font-size: 14px;\">&nbsp;</span></p>"
    }
},
{
    "model": "marathon_common.menuitem",
    "pk": 12,
    "fields": {
        "route": 1,
        "group": 3,
        "name": "medical_examination",
        "title": "\u0422\u0440\u0435\u0431\u043e\u0432\u0430\u043d\u0438\u044f \u043a \u043c\u0435\u0434\u0441\u043f\u0440\u0430\u0432\u043a\u0435",
        "text": "<p><span style=\"font-size: 14px;\"><em>Medical examination 10 km</em></span></p>\r\n<p><span style=\"font-size: 15px;\"><em><strong>What is Lorem Ipsum?</strong></em></span></p>\r\n<p><span style=\"font-size: 14px;\">&nbsp;</span></p>\r\n<p><span style=\"font-size: 14px;\"><strong>Lorem Ipsum</strong>&nbsp;is simply dummy text of the printing and typesetting industry. Lorem Ipsum has been the industry's standard dummy text ever since the 1500s, when an unknown printer took a galley of type and scrambled it to make a type specimen book. It has survived not only five centuries, but also the leap into electronic typesetting, remaining essentially unchanged. It was popularised in the 1960s with the release of Letraset sheets containing Lorem Ipsum passages, and more recently with desktop publishing software like Aldus PageMaker including versions of Lorem Ipsum.</span></p>\r\n<p><span style=\"font-size: 14px;\">&nbsp;</span></p>\r\n<p><span style=\"font-size: 14px;\"><em><strong>Why do we use it?</strong></em></span></p>\r\n<p><span style=\"font-size: 14px;\">It is a long established fact that a reader will be distracted by the readable content of a page when looking at its layout. The point of using Lorem Ipsum is that it has a more-or-less normal distribution of letters, as opposed to using 'Content here, content here', making it look like readable English. Many desktop publishing packages and web page editors now use Lorem Ipsum as their default model text, and a search for 'lorem ipsum' will uncover many web sites still in their infancy. Various versions have evolved over the years, sometimes by accident, sometimes on purpose (injected humour and the like).</span></p>\r\n<p><span style=\"font-size: 14px;\">&nbsp;</span></p>"
    }
},
{
    "model": "marathon_common.menuitem",
    "pk": 13,
    "fields": {
        "route": 1,
        "group": 5,
        "name": "individual_trainings",
        "title": "\u0418\u043d\u0434\u0438\u0432\u0438\u0434\u0443\u0430\u043b\u044c\u043d\u044b\u0435 \u0442\u0440\u0435\u043d\u0438\u0440\u043e\u0432\u043a\u0438",
        "text": "<p><span style=\"font-size: 14px;\"><em>Individual trainings 10 km</em></span></p>\r\n<p><span style=\"font-size: 15px;\"><em><strong>What is Lorem Ipsum?</strong></em></span></p>\r\n<p><span style=\"font-size: 14px;\">&nbsp;</span></p>\r\n<p><span style=\"font-size: 14px;\"><strong>Lorem Ipsum</strong>&nbsp;is simply dummy text of the printing and typesetting industry. Lorem Ipsum has been the industry's standard dummy text ever since the 1500s, when an unknown printer took a galley of type and scrambled it to make a type specimen book. It has survived not only five centuries, but also the leap into electronic typesetting, remaining essentially unchanged. It was popularised in the 1960s with the release of Letraset sheets containing Lorem Ipsum passages, and more recently with desktop publishing software like Aldus PageMaker including versions of Lorem Ipsum.</span></p>\r\n<p><span style=\"font-size: 14px;\">&nbsp;</span></p>\r\n<p><span style=\"font-size: 14px;\"><em><strong>Why do we use it?</strong></em></span></p>\r\n<p><span style=\"font-size: 14px;\">It is a long established fact that a reader will be distracted by the readable content of a page when looking at its layout. The point of using Lorem Ipsum is that it has a more-or-less normal distribution of letters, as opposed to using 'Content here, content here', making it look like readable English. Many desktop publishing packages and web page editors now use Lorem Ipsum as their default model text, and a search for 'lorem ipsum' will uncover many web sites still in their infancy. Various versions have evolved over the years, sometimes by accident, sometimes on purpose (injected humour and the like).</span></p>\r\n<p><span style=\"font-size: 14px;\">&nbsp;</span></p>"
    }
},
{
    "model": "marathon_common.menuitem",
    "pk": 14,
    "fields": {
        "route": 1,
        "group": 5,
        "name": "group_trainigns",
        "title": "\u0413\u0440\u0443\u043f\u043e\u0432\u044b\u0435 \u0442\u0440\u0435\u043d\u0438\u0440\u043e\u0432\u043a\u0438",
        "text": "<p><span style=\"font-size: 14px;\"><em>Group trainings 10 km</em></span></p>\r\n<p><span style=\"font-size: 15px;\"><em><strong>What is Lorem Ipsum?</strong></em></span></p>\r\n<p><span style=\"font-size: 14px;\">&nbsp;</span></p>\r\n<p><span style=\"font-size: 14px;\"><strong>Lorem Ipsum</strong>&nbsp;is simply dummy text of the printing and typesetting industry. Lorem Ipsum has been the industry's standard dummy text ever since the 1500s, when an unknown printer took a galley of type and scrambled it to make a type specimen book. It has survived not only five centuries, but also the leap into electronic typesetting, remaining essentially unchanged. It was popularised in the 1960s with the release of Letraset sheets containing Lorem Ipsum passages, and more recently with desktop publishing software like Aldus PageMaker including versions of Lorem Ipsum.</span></p>\r\n<p><span style=\"font-size: 14px;\">&nbsp;</span></p>\r\n<p><span style=\"font-size: 14px;\"><em><strong>Why do we use it?</strong></em></span></p>\r\n<p><span style=\"font-size: 14px;\">It is a long established fact that a reader will be distracted by the readable content of a page when looking at its layout. The point of using Lorem Ipsum is that it has a more-or-less normal distribution of letters, as opposed to using 'Content here, content here', making it look like readable English. Many desktop publishing packages and web page editors now use Lorem Ipsum as their default model text, and a search for 'lorem ipsum' will uncover many web sites still in their infancy. Various versions have evolved over the years, sometimes by accident, sometimes on purpose (injected humour and the like).</span></p>\r\n<p><span style=\"font-size: 14px;\">&nbsp;</span></p>"
    }
},
{
    "model": "marathon_common.menuitem",
    "pk": 15,
    "fields": {
        "route": 1,
        "group": 5,
        "name": "visas",
        "title": "\u041f\u043e\u043b\u0443\u0447\u0435\u043d\u0438\u0435 \u0432\u0438\u0437\u044b",
        "text": "<p><span style=\"font-size: 14px;\"><em>Visas&nbsp;</em></span><span style=\"font-size: 14px;\"><em>10 km</em></span></p>\r\n<p><span style=\"font-size: 15px;\"><em><strong>What is Lorem Ipsum?</strong></em></span></p>\r\n<p><span style=\"font-size: 14px;\">&nbsp;</span></p>\r\n<p><span style=\"font-size: 14px;\"><strong>Lorem Ipsum</strong>&nbsp;is simply dummy text of the printing and typesetting industry. Lorem Ipsum has been the industry's standard dummy text ever since the 1500s, when an unknown printer took a galley of type and scrambled it to make a type specimen book. It has survived not only five centuries, but also the leap into electronic typesetting, remaining essentially unchanged. It was popularised in the 1960s with the release of Letraset sheets containing Lorem Ipsum passages, and more recently with desktop publishing software like Aldus PageMaker including versions of Lorem Ipsum.</span></p>\r\n<p><span style=\"font-size: 14px;\">&nbsp;</span></p>\r\n<p><span style=\"font-size: 14px;\"><em><strong>Why do we use it?</strong></em></span></p>\r\n<p><span style=\"font-size: 14px;\">It is a long established fact that a reader will be distracted by the readable content of a page when looking at its layout. The point of using Lorem Ipsum is that it has a more-or-less normal distribution of letters, as opposed to using 'Content here, content here', making it look like readable English. Many desktop publishing packages and web page editors now use Lorem Ipsum as their default model text, and a search for 'lorem ipsum' will uncover many web sites still in their infancy. Various versions have evolved over the years, sometimes by accident, sometimes on purpose (injected humour and the like).</span></p>\r\n<p><span style=\"font-size: 14px;\">&nbsp;</span></p>"
    }
},
{
    "model": "marathon_common.menuitem",
    "pk": 16,
    "fields": {
        "route": 2,
        "group": 4,
        "name": "registration",
        "title": "\u0417\u0430\u0440\u0435\u0433\u0438\u0441\u0442\u0440\u0438\u0440\u043e\u0432\u0430\u0442\u044c\u0441\u044f",
        "text": "<p><span style=\"font-size: 14px;\"><em>Register 42.2 km</em></span></p>\r\n<p><span style=\"font-size: 15px;\"><em><strong>What is Lorem Ipsum?</strong></em></span></p>\r\n<p><span style=\"font-size: 14px;\">&nbsp;</span></p>\r\n<p><span style=\"font-size: 14px;\"><strong>Lorem Ipsum</strong>&nbsp;is simply dummy text of the printing and typesetting industry. Lorem Ipsum has been the industry's standard dummy text ever since the 1500s, when an unknown printer took a galley of type and scrambled it to make a type specimen book. It has survived not only five centuries, but also the leap into electronic typesetting, remaining essentially unchanged. It was popularised in the 1960s with the release of Letraset sheets containing Lorem Ipsum passages, and more recently with desktop publishing software like Aldus PageMaker including versions of Lorem Ipsum.</span></p>\r\n<p><span style=\"font-size: 14px;\">&nbsp;</span></p>\r\n<p><span style=\"font-size: 14px;\"><em><strong>Why do we use it?</strong></em></span></p>\r\n<p><span style=\"font-size: 14px;\">It is a long established fact that a reader will be distracted by the readable content of a page when looking at its layout. The point of using Lorem Ipsum is that it has a more-or-less normal distribution of letters, as opposed to using 'Content here, content here', making it look like readable English. Many desktop publishing packages and web page editors now use Lorem Ipsum as their default model text, and a search for 'lorem ipsum' will uncover many web sites still in their infancy. Various versions have evolved over the years, sometimes by accident, sometimes on purpose (injected humour and the like).</span></p>\r\n<p><span style=\"font-size: 14px;\">&nbsp;</span></p>"
    }
},
{
    "model": "marathon_common.menuitem",
    "pk": 17,
    "fields": {
        "route": 2,
        "group": 4,
        "name": "costs",
        "title": "\u0421\u0442\u043e\u0438\u043c\u043e\u0441\u0442\u044c",
        "text": "<p><span style=\"font-size: 14px;\"><em>Costs&nbsp;42.2 km</em></span></p>\r\n<p><span style=\"font-size: 15px;\"><em><strong>What is Lorem Ipsum?</strong></em></span></p>\r\n<p><span style=\"font-size: 14px;\">&nbsp;</span></p>\r\n<p><span style=\"font-size: 14px;\"><strong>Lorem Ipsum</strong>&nbsp;is simply dummy text of the printing and typesetting industry. Lorem Ipsum has been the industry's standard dummy text ever since the 1500s, when an unknown printer took a galley of type and scrambled it to make a type specimen book. It has survived not only five centuries, but also the leap into electronic typesetting, remaining essentially unchanged. It was popularised in the 1960s with the release of Letraset sheets containing Lorem Ipsum passages, and more recently with desktop publishing software like Aldus PageMaker including versions of Lorem Ipsum.</span></p>\r\n<p><span style=\"font-size: 14px;\">&nbsp;</span></p>\r\n<p><span style=\"font-size: 14px;\"><em><strong>Why do we use it?</strong></em></span></p>\r\n<p><span style=\"font-size: 14px;\">It is a long established fact that a reader will be distracted by the readable content of a page when looking at its layout. The point of using Lorem Ipsum is that it has a more-or-less normal distribution of letters, as opposed to using 'Content here, content here', making it look like readable English. Many desktop publishing packages and web page editors now use Lorem Ipsum as their default model text, and a search for 'lorem ipsum' will uncover many web sites still in their infancy. Various versions have evolved over the years, sometimes by accident, sometimes on purpose (injected humour and the like).</span></p>\r\n<p><span style=\"font-size: 14px;\">&nbsp;</span></p>"
    }
},
{
    "model": "marathon_common.menuitem",
    "pk": 18,
    "fields": {
        "route": 2,
        "group": 4,
        "name": "qualification",
        "title": "\u041a\u0432\u0430\u043b\u0438\u0444\u0438\u043a\u0430\u0446\u0438\u044f",
        "text": "<p><span style=\"font-size: 14px;\"><em>Qualification 42.2 km</em></span></p>\r\n<p><span style=\"font-size: 15px;\"><em><strong>What is Lorem Ipsum?</strong></em></span></p>\r\n<p><span style=\"font-size: 14px;\">&nbsp;</span></p>\r\n<p><span style=\"font-size: 14px;\"><strong>Lorem Ipsum</strong>&nbsp;is simply dummy text of the printing and typesetting industry. Lorem Ipsum has been the industry's standard dummy text ever since the 1500s, when an unknown printer took a galley of type and scrambled it to make a type specimen book. It has survived not only five centuries, but also the leap into electronic typesetting, remaining essentially unchanged. It was popularised in the 1960s with the release of Letraset sheets containing Lorem Ipsum passages, and more recently with desktop publishing software like Aldus PageMaker including versions of Lorem Ipsum.</span></p>\r\n<p><span style=\"font-size: 14px;\">&nbsp;</span></p>\r\n<p><span style=\"font-size: 14px;\"><em><strong>Why do we use it?</strong></em></span></p>\r\n<p><span style=\"font-size: 14px;\">It is a long established fact that a reader will be distracted by the readable content of a page when looking at its layout. The point of using Lorem Ipsum is that it has a more-or-less normal distribution of letters, as opposed to using 'Content here, content here', making it look like readable English. Many desktop publishing packages and web page editors now use Lorem Ipsum as their default model text, and a search for 'lorem ipsum' will uncover many web sites still in their infancy. Various versions have evolved over the years, sometimes by accident, sometimes on purpose (injected humour and the like).</span></p>\r\n<p><span style=\"font-size: 14px;\">&nbsp;</span></p>"
    }
},
{
    "model": "marathon_common.menuitem",
    "pk": 19,
    "fields": {
        "route": 2,
        "group": 4,
        "name": "bib_number",
        "title": "\u041f\u043e\u043b\u0443\u0447\u0435\u043d\u0438\u0435 \u043d\u043e\u043c\u0435\u0440\u0430",
        "text": "<p><span style=\"font-size: 14px;\"><em>Bib number 42.2 km</em></span></p>\r\n<p><span style=\"font-size: 15px;\"><em><strong>What is Lorem Ipsum?</strong></em></span></p>\r\n<p><span style=\"font-size: 14px;\">&nbsp;</span></p>\r\n<p><span style=\"font-size: 14px;\"><strong>Lorem Ipsum</strong>&nbsp;is simply dummy text of the printing and typesetting industry. Lorem Ipsum has been the industry's standard dummy text ever since the 1500s, when an unknown printer took a galley of type and scrambled it to make a type specimen book. It has survived not only five centuries, but also the leap into electronic typesetting, remaining essentially unchanged. It was popularised in the 1960s with the release of Letraset sheets containing Lorem Ipsum passages, and more recently with desktop publishing software like Aldus PageMaker including versions of Lorem Ipsum.</span></p>\r\n<p><span style=\"font-size: 14px;\">&nbsp;</span></p>\r\n<p><span style=\"font-size: 14px;\"><em><strong>Why do we use it?</strong></em></span></p>\r\n<p><span style=\"font-size: 14px;\">It is a long established fact that a reader will be distracted by the readable content of a page when looking at its layout. The point of using Lorem Ipsum is that it has a more-or-less normal distribution of letters, as opposed to using 'Content here, content here', making it look like readable English. Many desktop publishing packages and web page editors now use Lorem Ipsum as their default model text, and a search for 'lorem ipsum' will uncover many web sites still in their infancy. Various versions have evolved over the years, sometimes by accident, sometimes on purpose (injected humour and the like).</span></p>\r\n<p><span style=\"font-size: 14px;\">&nbsp;</span></p>"
    }
},
{
    "model": "marathon_common.menuitem",
    "pk": 20,
    "fields": {
        "route": 2,
        "group": 4,
        "name": "medical_examination",
        "title": "\u0422\u0440\u0435\u0431\u043e\u0432\u0430\u043d\u0438\u044f \u043a \u043c\u0435\u0434\u0441\u043f\u0440\u0430\u0432\u043a\u0435",
        "text": "<p><span style=\"font-size: 14px;\"><em>Medical examination 42.2 km</em></span></p>\r\n<p><span style=\"font-size: 15px;\"><em><strong>What is Lorem Ipsum?</strong></em></span></p>\r\n<p><span style=\"font-size: 14px;\">&nbsp;</span></p>\r\n<p><span style=\"font-size: 14px;\"><strong>Lorem Ipsum</strong>&nbsp;is simply dummy text of the printing and typesetting industry. Lorem Ipsum has been the industry's standard dummy text ever since the 1500s, when an unknown printer took a galley of type and scrambled it to make a type specimen book. It has survived not only five centuries, but also the leap into electronic typesetting, remaining essentially unchanged. It was popularised in the 1960s with the release of Letraset sheets containing Lorem Ipsum passages, and more recently with desktop publishing software like Aldus PageMaker including versions of Lorem Ipsum.</span></p>\r\n<p><span style=\"font-size: 14px;\">&nbsp;</span></p>\r\n<p><span style=\"font-size: 14px;\"><em><strong>Why do we use it?</strong></em></span></p>\r\n<p><span style=\"font-size: 14px;\">It is a long established fact that a reader will be distracted by the readable content of a page when looking at its layout. The point of using Lorem Ipsum is that it has a more-or-less normal distribution of letters, as opposed to using 'Content here, content here', making it look like readable English. Many desktop publishing packages and web page editors now use Lorem Ipsum as their default model text, and a search for 'lorem ipsum' will uncover many web sites still in their infancy. Various versions have evolved over the years, sometimes by accident, sometimes on purpose (injected humour and the like).</span></p>\r\n<p><span style=\"font-size: 14px;\">&nbsp;</span></p>"
    }
},
{
    "model": "marathon_common.menuitem",
    "pk": 21,
    "fields": {
        "route": 2,
        "group": 6,
        "name": "individual_trainings",
        "title": "\u0418\u043d\u0434\u0438\u0432\u0438\u0434\u0443\u0430\u043b\u044c\u043d\u044b\u0435 \u0442\u0440\u0435\u043d\u0438\u0440\u043e\u0432\u043a\u0438",
        "text": "<p><span style=\"font-size: 14px;\"><em>Idividual trainings 42.2 km</em></span></p>\r\n<p><span style=\"font-size: 15px;\"><em><strong>What is Lorem Ipsum?</strong></em></span></p>\r\n<p><span style=\"font-size: 14px;\">&nbsp;</span></p>\r\n<p><span style=\"font-size: 14px;\"><strong>Lorem Ipsum</strong>&nbsp;is simply dummy text of the printing and typesetting industry. Lorem Ipsum has been the industry's standard dummy text ever since the 1500s, when an unknown printer took a galley of type and scrambled it to make a type specimen book. It has survived not only five centuries, but also the leap into electronic typesetting, remaining essentially unchanged. It was popularised in the 1960s with the release of Letraset sheets containing Lorem Ipsum passages, and more recently with desktop publishing software like Aldus PageMaker including versions of Lorem Ipsum.</span></p>\r\n<p><span style=\"font-size: 14px;\">&nbsp;</span></p>\r\n<p><span style=\"font-size: 14px;\"><em><strong>Why do we use it?</strong></em></span></p>\r\n<p><span style=\"font-size: 14px;\">It is a long established fact that a reader will be distracted by the readable content of a page when looking at its layout. The point of using Lorem Ipsum is that it has a more-or-less normal distribution of letters, as opposed to using 'Content here, content here', making it look like readable English. Many desktop publishing packages and web page editors now use Lorem Ipsum as their default model text, and a search for 'lorem ipsum' will uncover many web sites still in their infancy. Various versions have evolved over the years, sometimes by accident, sometimes on purpose (injected humour and the like).</span></p>\r\n<p><span style=\"font-size: 14px;\">&nbsp;</span></p>"
    }
},
{
    "model": "marathon_common.menuitem",
    "pk": 22,
    "fields": {
        "route": 2,
        "group": 6,
        "name": "group_trainigns",
        "title": "\u0413\u0440\u0443\u043f\u043e\u0432\u044b\u0435 \u0442\u0440\u0435\u043d\u0438\u0440\u043e\u0432\u043a\u0438",
        "text": "<p><span style=\"font-size: 14px;\"><em>Group trainings 42.2 km</em></span></p>\r\n<p><span style=\"font-size: 15px;\"><em><strong>What is Lorem Ipsum?</strong></em></span></p>\r\n<p><span style=\"font-size: 14px;\">&nbsp;</span></p>\r\n<p><span style=\"font-size: 14px;\"><strong>Lorem Ipsum</strong>&nbsp;is simply dummy text of the printing and typesetting industry. Lorem Ipsum has been the industry's standard dummy text ever since the 1500s, when an unknown printer took a galley of type and scrambled it to make a type specimen book. It has survived not only five centuries, but also the leap into electronic typesetting, remaining essentially unchanged. It was popularised in the 1960s with the release of Letraset sheets containing Lorem Ipsum passages, and more recently with desktop publishing software like Aldus PageMaker including versions of Lorem Ipsum.</span></p>\r\n<p><span style=\"font-size: 14px;\">&nbsp;</span></p>\r\n<p><span style=\"font-size: 14px;\"><em><strong>Why do we use it?</strong></em></span></p>\r\n<p><span style=\"font-size: 14px;\">It is a long established fact that a reader will be distracted by the readable content of a page when looking at its layout. The point of using Lorem Ipsum is that it has a more-or-less normal distribution of letters, as opposed to using 'Content here, content here', making it look like readable English. Many desktop publishing packages and web page editors now use Lorem Ipsum as their default model text, and a search for 'lorem ipsum' will uncover many web sites still in their infancy. Various versions have evolved over the years, sometimes by accident, sometimes on purpose (injected humour and the like).</span></p>\r\n<p><span style=\"font-size: 14px;\">&nbsp;</span></p>"
    }
},
{
    "model": "marathon_common.menuitem",
    "pk": 23,
    "fields": {
        "route": 2,
        "group": 6,
        "name": "visas",
        "title": "\u041f\u043e\u043b\u0443\u0447\u0435\u043d\u0438\u0435 \u0432\u0438\u0437\u044b",
        "text": "<p><span style=\"font-size: 14px;\"><em>Visas 42.2 km</em></span></p>\r\n<p><span style=\"font-size: 15px;\"><em><strong>What is Lorem Ipsum?</strong></em></span></p>\r\n<p><span style=\"font-size: 14px;\">&nbsp;</span></p>\r\n<p><span style=\"font-size: 14px;\"><strong>Lorem Ipsum</strong>&nbsp;is simply dummy text of the printing and typesetting industry. Lorem Ipsum has been the industry's standard dummy text ever since the 1500s, when an unknown printer took a galley of type and scrambled it to make a type specimen book. It has survived not only five centuries, but also the leap into electronic typesetting, remaining essentially unchanged. It was popularised in the 1960s with the release of Letraset sheets containing Lorem Ipsum passages, and more recently with desktop publishing software like Aldus PageMaker including versions of Lorem Ipsum.</span></p>\r\n<p><span style=\"font-size: 14px;\">&nbsp;</span></p>\r\n<p><span style=\"font-size: 14px;\"><em><strong>Why do we use it?</strong></em></span></p>\r\n<p><span style=\"font-size: 14px;\">It is a long established fact that a reader will be distracted by the readable content of a page when looking at its layout. The point of using Lorem Ipsum is that it has a more-or-less normal distribution of letters, as opposed to using 'Content here, content here', making it look like readable English. Many desktop publishing packages and web page editors now use Lorem Ipsum as their default model text, and a search for 'lorem ipsum' will uncover many web sites still in their infancy. Various versions have evolved over the years, sometimes by accident, sometimes on purpose (injected humour and the like).</span></p>\r\n<p><span style=\"font-size: 14px;\">&nbsp;</span></p>"
    }
},
{
    "model": "marathon_common.menuitem",
    "pk": 24,
    "fields": {
        "route": 1,
        "group": null,
        "name": "item_no_parent",
        "title": "\u041a\u043b\u0438\u043a\u0430\u0431. \u043f\u0443\u043d\u043a\u0442 \u043c\u0435\u043d\u0431 \u0432 \u043a\u043e\u0440\u043d\u0435",
        "text": "<p><span style=\"font-size: 14px;\"><em>\u041a\u043b\u0438\u043a\u0430\u0431\u0435\u043b\u044c\u043d\u044b\u0439 \u043f\u0443\u043d\u043a\u0442 \u043c\u0435\u043d\u044e \u0432 \u043a\u043e\u0440\u043d\u0435 10 km</em></span></p>\r\n<p><span style=\"font-size: 15px;\"><em><strong>What is Lorem Ipsum?&nbsp;</strong></em></span></p>\r\n<p><span style=\"font-size: 14px;\">&nbsp;</span></p>\r\n<p><span style=\"font-size: 14px;\"><strong>Lorem Ipsum</strong>&nbsp;is simply dummy text of the printing and typesetting industry. Lorem Ipsum has been the industry's standard dummy text ever since the 1500s, when an unknown printer took a galley of type and scrambled it to make a type specimen book. It has survived not only five centuries, but also the leap into electronic typesetting, remaining essentially unchanged. It was popularised in the 1960s with the release of Letraset sheets containing Lorem Ipsum passages, and more recently with desktop publishing software like Aldus PageMaker including versions of Lorem Ipsum.</span></p>\r\n<p><span style=\"font-size: 14px;\">&nbsp;</span></p>\r\n<p><span style=\"font-size: 14px;\"><em><strong>Why do we use it?</strong></em></span></p>\r\n<p><span style=\"font-size: 14px;\">It is a long established fact that a reader will be distracted by the readable content of a page when looking at its layout. The point of using Lorem Ipsum is that it has a more-or-less normal distribution of letters, as opposed to using 'Content here, content here', making it look like readable English. Many desktop publishing packages and web page editors now use Lorem Ipsum as their default model text, and a search for 'lorem ipsum' will uncover many web sites still in their infancy. Various versions have evolved over the years, sometimes by accident, sometimes on purpose (injected humour and the like).</span></p>\r\n<p><span style=\"font-size: 14px;\">&nbsp;</span></p>"
    }
},
{
    "model": "marathon_common.menuitem",
    "pk": 25,
    "fields": {
        "route": 2,
        "group": null,
        "name": "item_no_parent",
        "title": "\u041a\u043b\u0438\u043a\u0430\u0431. \u043f\u0443\u043d\u043a\u0442 \u043c\u0435\u043d\u0431 \u0432 \u043a\u043e\u0440\u043d\u0435",
        "text": "<p><span style=\"font-size: 14px;\">\u041a\u043b\u0438\u043a\u0430\u0431. \u043f\u0443\u043d\u043a\u0442 \u043c\u0435\u043d\u0431 \u0432 \u043a\u043e\u0440\u043d\u0435 42,2 \u043a\u043c</span></p>\r\n<p><span style=\"font-size: 15px;\"><em><strong>What is Lorem Ipsum?&nbsp;</strong></em></span></p>\r\n<p><span style=\"font-size: 14px;\">&nbsp;</span></p>\r\n<p><span style=\"font-size: 14px;\"><strong>Lorem Ipsum</strong>&nbsp;is simply dummy text of the printing and typesetting industry. Lorem Ipsum has been the industry's standard dummy text ever since the 1500s, when an unknown printer took a galley of type and scrambled it to make a type specimen book. It has survived not only five centuries, but also the leap into electronic typesetting, remaining essentially unchanged. It was popularised in the 1960s with the release of Letraset sheets containing Lorem Ipsum passages, and more recently with desktop publishing software like Aldus PageMaker including versions of Lorem Ipsum.</span></p>\r\n<p><span style=\"font-size: 14px;\">&nbsp;</span></p>\r\n<p><span style=\"font-size: 14px;\"><em><strong>Why do we use it?</strong></em></span></p>\r\n<p><span style=\"font-size: 14px;\">It is a long established fact that a reader will be distracted by the readable content of a page when looking at its layout. The point of using Lorem Ipsum is that it has a more-or-less normal distribution of letters, as opposed to using 'Content here, content here', making it look like readable English. Many desktop publishing packages and web page editors now use Lorem Ipsum as their default model text, and a search for 'lorem ipsum' will uncover many web sites still in their infancy. Various versions have evolved over the years, sometimes by accident, sometimes on purpose (injected humour and the like).</span></p>\r\n<p><span style=\"font-size: 14px;\">&nbsp;</span></p>"
    }
},
{
    "model": "marathon_common.mapobjecticon",
    "pk": 1,
    "fields": {
        "object_type_key": "refresh_zones",
        "object_type": "\u0417\u043e\u043d\u0430 \u043e\u0441\u0432\u0435\u0436\u0435\u043d\u0438\u044f",
        "image": "uploads/drop_icon-icons.com_54400.png"
    }
},
{
    "model": "marathon_common.mapobjecticon",
    "pk": 2,
    "fields": {
        "object_type_key": "catering_zones",
        "object_type": "\u0417\u043e\u043d\u0430 \u043f\u0438\u0442\u0430\u043d\u0438\u044f",
        "image": "uploads/drop_icon-icons.com_54400.png"
    }
},
{
    "model": "marathon_common.mapobjecticon",
    "pk": 3,
    "fields": {
        "object_type_key": "toilets",
        "object_type": "\u0422\u0443\u0430\u043b\u0435\u0442",
        "image": "uploads/drop_icon-icons.com_54400.png"
    }
},
{
    "model": "marathon_common.mapobjecticon",
    "pk": 4,
    "fields": {
        "object_type_key": "timing_points",
        "object_type": "\u0422\u043e\u0447\u043a\u0430 \u0445\u0440\u043e\u043d\u043e\u043c\u0435\u0442\u0440\u0430\u0436\u0430",
        "image": "uploads/drop_icon-icons.com_54400.png"
    }
},
{
    "model": "marathon_common.mapobjecticon",
    "pk": 5,
    "fields": {
        "object_type_key": "kilometers",
        "object_type": "\u041a\u0438\u043b\u043e\u043c\u0435\u0442\u0440",
        "image": "uploads/drop_icon-icons.com_54400.png"
    }
},
{
    "model": "marathon_common.mapobjecticon",
    "pk": 6,
    "fields": {
        "object_type_key": "start",
        "object_type": "\u0421\u0442\u0430\u0440\u0442",
        "image": "uploads/drop_icon-icons.com_54400.png"
    }
},
{
    "model": "marathon_common.mapobjecticon",
    "pk": 7,
    "fields": {
        "object_type_key": "finish",
        "object_type": "\u0424\u0438\u043d\u0438\u0448",
        "image": "uploads/drop_icon-icons.com_54400.png"
    }
},
{
    "model": "marathon_common.mapobjecticon",
    "pk": 8,
    "fields": {
        "object_type_key": "sights",
        "object_type": "\u0414\u043e\u0441\u0442\u043e\u043f\u0440\u0438\u043c\u0435\u0447\u0430\u0442\u0435\u043b\u044c\u043d\u043e\u0441\u0442\u044c",
        "image": "uploads/drop_icon-icons.com_54400.png"
    }
},
{
    "model": "marathon_common.mapobjecticon",
    "pk": 9,
    "fields": {
        "object_type_key": "fan_zones",
        "object_type": "\u0424\u0430\u043d-\u0437\u043e\u043d\u0430",
        "image": "uploads/drop_icon-icons.com_54400.png"
    }
},
{
    "model": "marathon_common.mapobjecticon",
    "pk": 10,
    "fields": {
        "object_type_key": "music",
        "object_type": "\u041c\u0443\u0437\u044b\u043a\u0430",
        "image": "uploads/drop_icon-icons.com_54400.png"
    }
},
{
    "model": "marathon_common.mapobjecticon",
    "pk": 11,
    "fields": {
        "object_type_key": "relay_race_points",
        "object_type": "\u0422\u043e\u0447\u043a\u0430 \u043f\u0435\u0440\u0435\u0434\u0430\u0447\u0438 \u044d\u0441\u0442\u0430\u0444\u0435\u0442\u044b",
        "image": "uploads/drop_icon-icons.com_54400.png"
    }
},
{
    "model": "marathon_common.mapobjecticon",
    "pk": 12,
    "fields": {
        "object_type_key": "medics",
        "object_type": "\u041c\u0435\u0434\u043f\u043e\u043c\u043e\u0449\u044c",
        "image": "uploads/drop_icon-icons.com_54400.png"
    }
}
]
